iso,role,url_fr,url_en
AFG,debtor,https://clubdeparis.org/sites/clubdeparis/accueil/accords-signes-avec-le-club-de-p/par%20pays-debiteurs/afghanistan.html,https://clubdeparis.org/en/sites/clubdeparis/accueil/accords-signes-avec-le-club-de-p/par%20pays-debiteurs/afghanistan.html
AGO,debtor,https://clubdeparis.org/sites/clubdeparis/accueil/accords-signes-avec-le-club-de-p/par%20pays-debiteurs/angola.html,https://clubdeparis.org/en/sites/clubdeparis/accueil/accords-signes-avec-le-club-de-p/par%20pays-debiteurs/angola.html
ALB,debtor,https://clubdeparis.org/sites/clubdeparis/accueil/accords-signes-avec-le-club-de-p/par%20pays-debiteurs/albanie.html,https://clubdeparis.org/en/sites/clubdeparis/accueil/accords-signes-avec-le-club-de-p/par%20pays-debiteurs/albanie.html
ARE,creditor,https://clubdeparis.org/sites/clubdeparis/accueil/accords-signes-avec-le-club-de-p/par-pays-crediteurs/emirats-arabes-unis.html,https://clubdeparis.org/en/sites/clubdeparis/accueil/accords-signes-avec-le-club-de-p/par-pays-crediteurs/emirats-arabes-unis.html
ARG,debtor,https://clubdeparis.org/sites/clubdeparis/accueil/accords-signes-avec-le-club-de-p/par%20pays-debiteurs/argentine.html,https://clubdeparis.org/en/sites/clubdeparis/accueil/accords-signes-avec-le-club-de-p/par%20pays-debiteurs/argentine.html
ATG,debtor,https://clubdeparis.org/sites/clubdeparis/accueil/accords-signes-avec-le-club-de-p/par%20pays-debiteurs/antigua-et-barbuda.html,https://clubdeparis.org/en/sites/clubdeparis/accueil/accords-signes-avec-le-club-de-p/par%20pays-debiteurs/antigua-et-barbuda.html
AUS,creditor,https://clubdeparis.org/sites/clubdeparis/accueil/accords-signes-avec-le-club-de-p/par-pays-crediteurs/australie.html,https://clubdeparis.org/en/sites/clubdeparis/accueil/accords-signes-avec-le-club-de-p/par-pays-crediteurs/australie.html
AUT,creditor,https://clubdeparis.org/sites/clubdeparis/accueil/accords-signes-avec-le-club-de-p/par-pays-crediteurs/autriche.html,https://clubdeparis.org/en/sites/clubdeparis/accueil/accords-signes-avec-le-club-de-p/par-pays-crediteurs/autriche.html
BDI,debtor,https://clubdeparis.org/sites/clubdeparis/accueil/accords-signes-avec-le-club-de-p/par%20pays-debiteurs/burundi.html,https://clubdeparis.org/en/sites/clubdeparis/accueil/accords-signes-avec-le-club-de-p/par%20pays-debiteurs/burundi.html
BEL,creditor,https://clubdeparis.org/sites/clubdeparis/accueil/accords-signes-avec-le-club-de-p/par-pays-crediteurs/belgique.html,https://clubdeparis.org/en/sites/clubdeparis/accueil/accords-signes-avec-le-club-de-p/par-pays-crediteurs/belgique.html
BEN,debtor,https://clubdeparis.org/sites/clubdeparis/accueil/accords-signes-avec-le-club-de-p/par%20pays-debiteurs/benin.html,https://clubdeparis.org/en/sites/clubdeparis/accueil/accords-signes-avec-le-club-de-p/par%20pays-debiteurs/benin.html
BFA,debtor,https://clubdeparis.org/sites/clubdeparis/accueil/accords-signes-avec-le-club-de-p/par%20pays-debiteurs/burkina-faso.html,https://clubdeparis.org/en/sites/clubdeparis/accueil/accords-signes-avec-le-club-de-p/par%20pays-debiteurs/burkina-faso.html
BGR,debtor,https://clubdeparis.org/sites/clubdeparis/accueil/accords-signes-avec-le-club-de-p/par%20pays-debiteurs/bulgarie.html,https://clubdeparis.org/en/sites/clubdeparis/accueil/accords-signes-avec-le-club-de-p/par%20pays-debiteurs/bulgarie.html
BIH,debtor,https://clubdeparis.org/sites/clubdeparis/accueil/accords-signes-avec-le-club-de-p/par%20pays-debiteurs/bosnie-herzegovine.html,https://clubdeparis.org/en/sites/clubdeparis/accueil/accords-signes-avec-le-club-de-p/par%20pays-debiteurs/bosnie-herzegovine.html
BOL,debtor,https://clubdeparis.org/sites/clubdeparis/accueil/accords-signes-avec-le-club-de-p/par%20pays-debiteurs/bolivie.html,https://clubdeparis.org/en/sites/clubdeparis/accueil/accords-signes-avec-le-club-de-p/par%20pays-debiteurs/bolivie.html
BRA,creditor,https://clubdeparis.org/sites/clubdeparis/accueil/accords-signes-avec-le-club-de-p/par-pays-crediteurs/bresil.html,https://clubdeparis.org/en/sites/clubdeparis/accueil/accords-signes-avec-le-club-de-p/par-pays-crediteurs/bresil.html
BRA,debtor,https://clubdeparis.org/sites/clubdeparis/accueil/accords-signes-avec-le-club-de-p/par%20pays-debiteurs/bresil.html,https://clubdeparis.org/en/sites/clubdeparis/accueil/accords-signes-avec-le-club-de-p/par%20pays-debiteurs/bresil.html
CAF,debtor,https://clubdeparis.org/sites/clubdeparis/accueil/accords-signes-avec-le-club-de-p/par%20pays-debiteurs/centrafrique.html,https://clubdeparis.org/en/sites/clubdeparis/accueil/accords-signes-avec-le-club-de-p/par%20pays-debiteurs/centrafrique.html
CAN,creditor,https://clubdeparis.org/sites/clubdeparis/accueil/accords-signes-avec-le-club-de-p/par-pays-crediteurs/canada.html,https://clubdeparis.org/en/sites/clubdeparis/accueil/accords-signes-avec-le-club-de-p/par-pays-crediteurs/canada.html
CHE,creditor,https://clubdeparis.org/sites/clubdeparis/accueil/accords-signes-avec-le-club-de-p/par-pays-crediteurs/suisse.html,https://clubdeparis.org/en/sites/clubdeparis/accueil/accords-signes-avec-le-club-de-p/par-pays-crediteurs/suisse.html
CHL,debtor,https://clubdeparis.org/sites/clubdeparis/accueil/accords-signes-avec-le-club-de-p/par%20pays-debiteurs/chili.html,https://clubdeparis.org/en/sites/clubdeparis/accueil/accords-signes-avec-le-club-de-p/par%20pays-debiteurs/chili.html
CHN,creditor,https://clubdeparis.org/sites/clubdeparis/accueil/accords-signes-avec-le-club-de-p/par-pays-crediteurs/chine.html,https://clubdeparis.org/en/sites/clubdeparis/accueil/accords-signes-avec-le-club-de-p/par-pays-crediteurs/chine.html
CIV,debtor,https://clubdeparis.org/sites/clubdeparis/accueil/accords-signes-avec-le-club-de-p/par%20pays-debiteurs/cote-d-ivoire.html,https://clubdeparis.org/en/sites/clubdeparis/accueil/accords-signes-avec-le-club-de-p/par%20pays-debiteurs/cote-d-ivoire.html
CMR,debtor,https://clubdeparis.org/sites/clubdeparis/accueil/accords-signes-avec-le-club-de-p/par%20pays-debiteurs/cameroun.html,https://clubdeparis.org/en/sites/clubdeparis/accueil/accords-signes-avec-le-club-de-p/par%20pays-debiteurs/cameroun.html
COD,debtor,https://clubdeparis.org/sites/clubdeparis/accueil/accords-signes-avec-le-club-de-p/par%20pays-debiteurs/rd-congo.html,https://clubdeparis.org/en/sites/clubdeparis/accueil/accords-signes-avec-le-club-de-p/par%20pays-debiteurs/rd-congo.html
COG,debtor,https://clubdeparis.org/sites/clubdeparis/accueil/accords-signes-avec-le-club-de-p/par%20pays-debiteurs/congo.html,https://clubdeparis.org/en/sites/clubdeparis/accueil/accords-signes-avec-le-club-de-p/par%20pays-debiteurs/congo.html
COM,debtor,https://clubdeparis.org/sites/clubdeparis/accueil/accords-signes-avec-le-club-de-p/par%20pays-debiteurs/comores.html,https://clubdeparis.org/en/sites/clubdeparis/accueil/accords-signes-avec-le-club-de-p/par%20pays-debiteurs/comores.html
CPV,debtor,https://clubdeparis.org/sites/clubdeparis/accueil/accords-signes-avec-le-club-de-p/par%20pays-debiteurs/cap-vert.html,https://clubdeparis.org/en/sites/clubdeparis/accueil/accords-signes-avec-le-club-de-p/par%20pays-debiteurs/cap-vert.html
CRI,debtor,https://clubdeparis.org/sites/clubdeparis/accueil/accords-signes-avec-le-club-de-p/par%20pays-debiteurs/costa-rica.html,https://clubdeparis.org/en/sites/clubdeparis/accueil/accords-signes-avec-le-club-de-p/par%20pays-debiteurs/costa-rica.html
CZE,creditor,https://clubdeparis.org/sites/clubdeparis/accueil/accords-signes-avec-le-club-de-p/par-pays-crediteurs/republique-tcheque.html,https://clubdeparis.org/en/sites/clubdeparis/accueil/accords-signes-avec-le-club-de-p/par-pays-crediteurs/republique-tcheque.html
DEU,creditor,https://clubdeparis.org/sites/clubdeparis/accueil/accords-signes-avec-le-club-de-p/par-pays-crediteurs/allemagne.html,https://clubdeparis.org/en/sites/clubdeparis/accueil/accords-signes-avec-le-club-de-p/par-pays-crediteurs/allemagne.html
DJI,debtor,https://clubdeparis.org/sites/clubdeparis/accueil/accords-signes-avec-le-club-de-p/par%20pays-debiteurs/djibouti.html,https://clubdeparis.org/en/sites/clubdeparis/accueil/accords-signes-avec-le-club-de-p/par%20pays-debiteurs/djibouti.html
DMA,debtor,https://clubdeparis.org/sites/clubdeparis/accueil/accords-signes-avec-le-club-de-p/par%20pays-debiteurs/dominique.html,https://clubdeparis.org/en/sites/clubdeparis/accueil/accords-signes-avec-le-club-de-p/par%20pays-debiteurs/dominique.html
DNK,creditor,https://clubdeparis.org/sites/clubdeparis/accueil/accords-signes-avec-le-club-de-p/par-pays-crediteurs/danemark.html,https://clubdeparis.org/en/sites/clubdeparis/accueil/accords-signes-avec-le-club-de-p/par-pays-crediteurs/danemark.html
DOM,debtor,https://clubdeparis.org/sites/clubdeparis/accueil/accords-signes-avec-le-club-de-p/par%20pays-debiteurs/republique-dominicaine.html,https://clubdeparis.org/en/sites/clubdeparis/accueil/accords-signes-avec-le-club-de-p/par%20pays-debiteurs/republique-dominicaine.html
DZA,debtor,https://clubdeparis.org/sites/clubdeparis/accueil/accords-signes-avec-le-club-de-p/par%20pays-debiteurs/algerie.html,https://clubdeparis.org/en/sites/clubdeparis/accueil/accords-signes-avec-le-club-de-p/par%20pays-debiteurs/algerie.html
ECU,debtor,https://clubdeparis.org/sites/clubdeparis/accueil/accords-signes-avec-le-club-de-p/par%20pays-debiteurs/equateur.html,https://clubdeparis.org/en/sites/clubdeparis/accueil/accords-signes-avec-le-club-de-p/par%20pays-debiteurs/equateur.html
EGY,debtor,https://clubdeparis.org/sites/clubdeparis/accueil/accords-signes-avec-le-club-de-p/par%20pays-debiteurs/egypte.html,https://clubdeparis.org/en/sites/clubdeparis/accueil/accords-signes-avec-le-club-de-p/par%20pays-debiteurs/egypte.html
ESP,creditor,https://clubdeparis.org/sites/clubdeparis/accueil/accords-signes-avec-le-club-de-p/par-pays-crediteurs/espagne.html,https://clubdeparis.org/en/sites/clubdeparis/accueil/accords-signes-avec-le-club-de-p/par-pays-crediteurs/espagne.html
ETH,debtor,https://clubdeparis.org/sites/clubdeparis/accueil/accords-signes-avec-le-club-de-p/par%20pays-debiteurs/ethiopie.html,https://clubdeparis.org/en/sites/clubdeparis/accueil/accords-signes-avec-le-club-de-p/par%20pays-debiteurs/ethiopie.html
FIN,creditor,https://clubdeparis.org/sites/clubdeparis/accueil/accords-signes-avec-le-club-de-p/par-pays-crediteurs/finlande.html,https://clubdeparis.org/en/sites/clubdeparis/accueil/accords-signes-avec-le-club-de-p/par-pays-crediteurs/finlande.html
FJI,debtor,https://clubdeparis.org/sites/clubdeparis/accueil/accords-signes-avec-le-club-de-p/par%20pays-debiteurs/fidji.html,https://clubdeparis.org/en/sites/clubdeparis/accueil/accords-signes-avec-le-club-de-p/par%20pays-debiteurs/fidji.html
FRA,creditor,https://clubdeparis.org/sites/clubdeparis/accueil/accords-signes-avec-le-club-de-p/par-pays-crediteurs/france.html,https://clubdeparis.org/en/sites/clubdeparis/accueil/accords-signes-avec-le-club-de-p/par-pays-crediteurs/france.html
GAB,debtor,https://clubdeparis.org/sites/clubdeparis/accueil/accords-signes-avec-le-club-de-p/par%20pays-debiteurs/gabon.html,https://clubdeparis.org/en/sites/clubdeparis/accueil/accords-signes-avec-le-club-de-p/par%20pays-debiteurs/gabon.html
GBR,creditor,https://clubdeparis.org/sites/clubdeparis/accueil/accords-signes-avec-le-club-de-p/par-pays-crediteurs/royaume-uni.html,https://clubdeparis.org/en/sites/clubdeparis/accueil/accords-signes-avec-le-club-de-p/par-pays-crediteurs/royaume-uni.html
GEO,debtor,https://clubdeparis.org/sites/clubdeparis/accueil/accords-signes-avec-le-club-de-p/par%20pays-debiteurs/georgie.html,https://clubdeparis.org/en/sites/clubdeparis/accueil/accords-signes-avec-le-club-de-p/par%20pays-debiteurs/georgie.html
GHA,debtor,https://clubdeparis.org/sites/clubdeparis/accueil/accords-signes-avec-le-club-de-p/par%20pays-debiteurs/ghana.html,https://clubdeparis.org/en/sites/clubdeparis/accueil/accords-signes-avec-le-club-de-p/par%20pays-debiteurs/ghana.html
GIN,debtor,https://clubdeparis.org/sites/clubdeparis/accueil/accords-signes-avec-le-club-de-p/par%20pays-debiteurs/guinee.html,https://clubdeparis.org/en/sites/clubdeparis/accueil/accords-signes-avec-le-club-de-p/par%20pays-debiteurs/guinee.html
GMB,debtor,https://clubdeparis.org/sites/clubdeparis/accueil/accords-signes-avec-le-club-de-p/par%20pays-debiteurs/gambie.html,https://clubdeparis.org/en/sites/clubdeparis/accueil/accords-signes-avec-le-club-de-p/par%20pays-debiteurs/gambie.html
GNB,debtor,https://clubdeparis.org/sites/clubdeparis/accueil/accords-signes-avec-le-club-de-p/par%20pays-debiteurs/guinee-bissau.html,https://clubdeparis.org/en/sites/clubdeparis/accueil/accords-signes-avec-le-club-de-p/par%20pays-debiteurs/guinee-bissau.html
GNQ,debtor,https://clubdeparis.org/sites/clubdeparis/accueil/accords-signes-avec-le-club-de-p/par%20pays-debiteurs/guinee-equatoriale.html,https://clubdeparis.org/en/sites/clubdeparis/accueil/accords-signes-avec-le-club-de-p/par%20pays-debiteurs/guinee-equatoriale.html
GRD,debtor,https://clubdeparis.org/sites/clubdeparis/accueil/accords-signes-avec-le-club-de-p/par%20pays-debiteurs/grenade.html,https://clubdeparis.org/en/sites/clubdeparis/accueil/accords-signes-avec-le-club-de-p/par%20pays-debiteurs/grenade.html
GTM,debtor,https://clubdeparis.org/sites/clubdeparis/accueil/accords-signes-avec-le-club-de-p/par%20pays-debiteurs/guatemala.html,https://clubdeparis.org/en/sites/clubdeparis/accueil/accords-signes-avec-le-club-de-p/par%20pays-debiteurs/guatemala.html
GUY,debtor,https://clubdeparis.org/sites/clubdeparis/accueil/accords-signes-avec-le-club-de-p/par%20pays-debiteurs/guyana.html,https://clubdeparis.org/en/sites/clubdeparis/accueil/accords-signes-avec-le-club-de-p/par%20pays-debiteurs/guyana.html
HND,debtor,https://clubdeparis.org/sites/clubdeparis/accueil/accords-signes-avec-le-club-de-p/par%20pays-debiteurs/honduras.html,https://clubdeparis.org/en/sites/clubdeparis/accueil/accords-signes-avec-le-club-de-p/par%20pays-debiteurs/honduras.html
HRV,debtor,https://clubdeparis.org/sites/clubdeparis/accueil/accords-signes-avec-le-club-de-p/par%20pays-debiteurs/croatie.html,https://clubdeparis.org/en/sites/clubdeparis/accueil/accords-signes-avec-le-club-de-p/par%20pays-debiteurs/croatie.html
HTI,debtor,https://clubdeparis.org/sites/clubdeparis/accueil/accords-signes-avec-le-club-de-p/par%20pays-debiteurs/haiti.html,https://clubdeparis.org/en/sites/clubdeparis/accueil/accords-signes-avec-le-club-de-p/par%20pays-debiteurs/haiti.html
HUN,creditor,https://clubdeparis.org/sites/clubdeparis/accueil/accords-signes-avec-le-club-de-p/par-pays-crediteurs/hongrie.html,https://clubdeparis.org/en/sites/clubdeparis/accueil/accords-signes-avec-le-club-de-p/par-pays-crediteurs/hongrie.html
IDN,debtor,https://clubdeparis.org/sites/clubdeparis/accueil/accords-signes-avec-le-club-de-p/par%20pays-debiteurs/indonesie.html,https://clubdeparis.org/en/sites/clubdeparis/accueil/accords-signes-avec-le-club-de-p/par%20pays-debiteurs/indonesie.html
IND,creditor,https://clubdeparis.org/sites/clubdeparis/accueil/accords-signes-avec-le-club-de-p/par-pays-crediteurs/inde.html,https://clubdeparis.org/en/sites/clubdeparis/accueil/accords-signes-avec-le-club-de-p/par-pays-crediteurs/inde.html
IRL,creditor,https://clubdeparis.org/sites/clubdeparis/accueil/accords-signes-avec-le-club-de-p/par-pays-crediteurs/irlande.html,https://clubdeparis.org/en/sites/clubdeparis/accueil/accords-signes-avec-le-club-de-p/par-pays-crediteurs/irlande.html
IRQ,debtor,https://clubdeparis.org/sites/clubdeparis/accueil/accords-signes-avec-le-club-de-p/par%20pays-debiteurs/irak.html,https://clubdeparis.org/en/sites/clubdeparis/accueil/accords-signes-avec-le-club-de-p/par%20pays-debiteurs/irak.html
ISR,creditor,https://clubdeparis.org/sites/clubdeparis/accueil/accords-signes-avec-le-club-de-p/par-pays-crediteurs/israel.html,https://clubdeparis.org/en/sites/clubdeparis/accueil/accords-signes-avec-le-club-de-p/par-pays-crediteurs/israel.html
ITA,creditor,https://clubdeparis.org/sites/clubdeparis/accueil/accords-signes-avec-le-club-de-p/par-pays-crediteurs/italie.html,https://clubdeparis.org/en/sites/clubdeparis/accueil/accords-signes-avec-le-club-de-p/par-pays-crediteurs/italie.html
JAM,debtor,https://clubdeparis.org/sites/clubdeparis/accueil/accords-signes-avec-le-club-de-p/par%20pays-debiteurs/jamaique.html,https://clubdeparis.org/en/sites/clubdeparis/accueil/accords-signes-avec-le-club-de-p/par%20pays-debiteurs/jamaique.html
JOR,debtor,https://clubdeparis.org/sites/clubdeparis/accueil/accords-signes-avec-le-club-de-p/par%20pays-debiteurs/jordanie.html,https://clubdeparis.org/en/sites/clubdeparis/accueil/accords-signes-avec-le-club-de-p/par%20pays-debiteurs/jordanie.html
JPN,creditor,https://clubdeparis.org/sites/clubdeparis/accueil/accords-signes-avec-le-club-de-p/par-pays-crediteurs/japon.html,https://clubdeparis.org/en/sites/clubdeparis/accueil/accords-signes-avec-le-club-de-p/par-pays-crediteurs/japon.html
KEN,debtor,https://clubdeparis.org/sites/clubdeparis/accueil/accords-signes-avec-le-club-de-p/par%20pays-debiteurs/kenya.html,https://clubdeparis.org/en/sites/clubdeparis/accueil/accords-signes-avec-le-club-de-p/par%20pays-debiteurs/kenya.html
KGZ,debtor,https://clubdeparis.org/sites/clubdeparis/accueil/accords-signes-avec-le-club-de-p/par%20pays-debiteurs/kirghizie.html,https://clubdeparis.org/en/sites/clubdeparis/accueil/accords-signes-avec-le-club-de-p/par%20pays-debiteurs/kirghizie.html
KHM,debtor,https://clubdeparis.org/sites/clubdeparis/accueil/accords-signes-avec-le-club-de-p/par%20pays-debiteurs/cambodge.html,https://clubdeparis.org/en/sites/clubdeparis/accueil/accords-signes-avec-le-club-de-p/par%20pays-debiteurs/cambodge.html
KNA,debtor,https://clubdeparis.org/sites/clubdeparis/accueil/accords-signes-avec-le-club-de-p/par%20pays-debiteurs/saint-christophe-et-nieves.html,https://clubdeparis.org/en/sites/clubdeparis/accueil/accords-signes-avec-le-club-de-p/par%20pays-debiteurs/saint-christophe-et-nieves.html
KOR,creditor,https://clubdeparis.org/sites/clubdeparis/accueil/accords-signes-avec-le-club-de-p/par-pays-crediteurs/republique-de-coree.html,https://clubdeparis.org/en/sites/clubdeparis/accueil/accords-signes-avec-le-club-de-p/par-pays-crediteurs/republique-de-coree.html
KWT,creditor,https://clubdeparis.org/sites/clubdeparis/accueil/accords-signes-avec-le-club-de-p/par-pays-crediteurs/koweit.html,https://clubdeparis.org/en/sites/clubdeparis/accueil/accords-signes-avec-le-club-de-p/par-pays-crediteurs/koweit.html
LBR,debtor,https://clubdeparis.org/sites/clubdeparis/accueil/accords-signes-avec-le-club-de-p/par%20pays-debiteurs/liberia.html,https://clubdeparis.org/en/sites/clubdeparis/accueil/accords-signes-avec-le-club-de-p/par%20pays-debiteurs/liberia.html
LCA,debtor,https://clubdeparis.org/sites/clubdeparis/accueil/accords-signes-avec-le-club-de-p/par%20pays-debiteurs/sainte-lucie.html,https://clubdeparis.org/en/sites/clubdeparis/accueil/accords-signes-avec-le-club-de-p/par%20pays-debiteurs/sainte-lucie.html
LKA,debtor,https://clubdeparis.org/sites/clubdeparis/accueil/accords-signes-avec-le-club-de-p/par%20pays-debiteurs/sri-lanka.html,https://clubdeparis.org/en/sites/clubdeparis/accueil/accords-signes-avec-le-club-de-p/par%20pays-debiteurs/sri-lanka.html
LSO,debtor,https://clubdeparis.org/sites/clubdeparis/accueil/accords-signes-avec-le-club-de-p/par%20pays-debiteurs/lesotho.html,https://clubdeparis.org/en/sites/clubdeparis/accueil/accords-signes-avec-le-club-de-p/par%20pays-debiteurs/lesotho.html
MAR,debtor,https://clubdeparis.org/sites/clubdeparis/accueil/accords-signes-avec-le-club-de-p/par%20pays-debiteurs/maroc.html,https://clubdeparis.org/en/sites/clubdeparis/accueil/accords-signes-avec-le-club-de-p/par%20pays-debiteurs/maroc.html
MDA,debtor,https://clubdeparis.org/sites/clubdeparis/accueil/accords-signes-avec-le-club-de-p/par%20pays-debiteurs/moldavie.html,https://clubdeparis.org/en/sites/clubdeparis/accueil/accords-signes-avec-le-club-de-p/par%20pays-debiteurs/moldavie.html
MDG,debtor,https://clubdeparis.org/sites/clubdeparis/accueil/accords-signes-avec-le-club-de-p/par%20pays-debiteurs/madagascar.html,https://clubdeparis.org/en/sites/clubdeparis/accueil/accords-signes-avec-le-club-de-p/par%20pays-debiteurs/madagascar.html
MDV,debtor,https://clubdeparis.org/sites/clubdeparis/accueil/accords-signes-avec-le-club-de-p/par%20pays-debiteurs/maldives.html,https://clubdeparis.org/en/sites/clubdeparis/accueil/accords-signes-avec-le-club-de-p/par%20pays-debiteurs/maldives.html
MEX,debtor,https://clubdeparis.org/sites/clubdeparis/accueil/accords-signes-avec-le-club-de-p/par%20pays-debiteurs/mexique.html,https://clubdeparis.org/en/sites/clubdeparis/accueil/accords-signes-avec-le-club-de-p/par%20pays-debiteurs/mexique.html
MKD,debtor,https://clubdeparis.org/sites/clubdeparis/accueil/accords-signes-avec-le-club-de-p/par%20pays-debiteurs/macedoine-du-nord.html,https://clubdeparis.org/en/sites/clubdeparis/accueil/accords-signes-avec-le-club-de-p/par%20pays-debiteurs/macedoine-du-nord.html
MLI,debtor,https://clubdeparis.org/sites/clubdeparis/accueil/accords-signes-avec-le-club-de-p/par%20pays-debiteurs/mali.html,https://clubdeparis.org/en/sites/clubdeparis/accueil/accords-signes-avec-le-club-de-p/par%20pays-debiteurs/mali.html
MMR,debtor,https://clubdeparis.org/sites/clubdeparis/accueil/accords-signes-avec-le-club-de-p/par%20pays-debiteurs/myanmar.html,https://clubdeparis.org/en/sites/clubdeparis/accueil/accords-signes-avec-le-club-de-p/par%20pays-debiteurs/myanmar.html
MNE,debtor,https://clubdeparis.org/sites/clubdeparis/accueil/accords-signes-avec-le-club-de-p/par%20pays-debiteurs/montenegro.html,https://clubdeparis.org/en/sites/clubdeparis/accueil/accords-signes-avec-le-club-de-p/par%20pays-debiteurs/montenegro.html
MOZ,debtor,https://clubdeparis.org/sites/clubdeparis/accueil/accords-signes-avec-le-club-de-p/par%20pays-debiteurs/mozambique.html,https://clubdeparis.org/en/sites/clubdeparis/accueil/accords-signes-avec-le-club-de-p/par%20pays-debiteurs/mozambique.html
MRT,debtor,https://clubdeparis.org/sites/clubdeparis/accueil/accords-signes-avec-le-club-de-p/par%20pays-debiteurs/mauritanie.html,https://clubdeparis.org/en/sites/clubdeparis/accueil/accords-signes-avec-le-club-de-p/par%20pays-debiteurs/mauritanie.html
MWI,debtor,https://clubdeparis.org/sites/clubdeparis/accueil/accords-signes-avec-le-club-de-p/par%20pays-debiteurs/malawi.html,https://clubdeparis.org/en/sites/clubdeparis/accueil/accords-signes-avec-le-club-de-p/par%20pays-debiteurs/malawi.html
NER,debtor,https://clubdeparis.org/sites/clubdeparis/accueil/accords-signes-avec-le-club-de-p/par%20pays-debiteurs/niger.html,https://clubdeparis.org/en/sites/clubdeparis/accueil/accords-signes-avec-le-club-de-p/par%20pays-debiteurs/niger.html
NGA,debtor,https://clubdeparis.org/sites/clubdeparis/accueil/accords-signes-avec-le-club-de-p/par%20pays-debiteurs/nigeria.html,https://clubdeparis.org/en/sites/clubdeparis/accueil/accords-signes-avec-le-club-de-p/par%20pays-debiteurs/nigeria.html
NIC,debtor,https://clubdeparis.org/sites/clubdeparis/accueil/accords-signes-avec-le-club-de-p/par%20pays-debiteurs/nicaragua.html,https://clubdeparis.org/en/sites/clubdeparis/accueil/accords-signes-avec-le-club-de-p/par%20pays-debiteurs/nicaragua.html
NLD,creditor,https://clubdeparis.org/sites/clubdeparis/accueil/accords-signes-avec-le-club-de-p/par-pays-crediteurs/pays-bas.html,https://clubdeparis.org/en/sites/clubdeparis/accueil/accords-signes-avec-le-club-de-p/par-pays-crediteurs/pays-bas.html
NOR,creditor,https://clubdeparis.org/sites/clubdeparis/accueil/accords-signes-avec-le-club-de-p/par-pays-crediteurs/norvege.html,https://clubdeparis.org/en/sites/clubdeparis/accueil/accords-signes-avec-le-club-de-p/par-pays-crediteurs/norvege.html
NPL,debtor,https://clubdeparis.org/sites/clubdeparis/accueil/accords-signes-avec-le-club-de-p/par%20pays-debiteurs/nepal.html,https://clubdeparis.org/en/sites/clubdeparis/accueil/accords-signes-avec-le-club-de-p/par%20pays-debiteurs/nepal.html
NZL,creditor,https://clubdeparis.org/sites/clubdeparis/accueil/accords-signes-avec-le-club-de-p/par-pays-crediteurs/nouvelle-zelande.html,https://clubdeparis.org/en/sites/clubdeparis/accueil/accords-signes-avec-le-club-de-p/par-pays-crediteurs/nouvelle-zelande.html
PAK,debtor,https://clubdeparis.org/sites/clubdeparis/accueil/accords-signes-avec-le-club-de-p/par%20pays-debiteurs/pakistan.html,https://clubdeparis.org/en/sites/clubdeparis/accueil/accords-signes-avec-le-club-de-p/par%20pays-debiteurs/pakistan.html
PAN,debtor,https://clubdeparis.org/sites/clubdeparis/accueil/accords-signes-avec-le-club-de-p/par%20pays-debiteurs/panama.html,https://clubdeparis.org/en/sites/clubdeparis/accueil/accords-signes-avec-le-club-de-p/par%20pays-debiteurs/panama.html
PER,debtor,https://clubdeparis.org/sites/clubdeparis/accueil/accords-signes-avec-le-club-de-p/par%20pays-debiteurs/perou.html,https://clubdeparis.org/en/sites/clubdeparis/accueil/accords-signes-avec-le-club-de-p/par%20pays-debiteurs/perou.html
PHL,debtor,https://clubdeparis.org/sites/clubdeparis/accueil/accords-signes-avec-le-club-de-p/par%20pays-debiteurs/philippines.html,https://clubdeparis.org/en/sites/clubdeparis/accueil/accords-signes-avec-le-club-de-p/par%20pays-debiteurs/philippines.html
PNG,debtor,https://clubdeparis.org/sites/clubdeparis/accueil/accords-signes-avec-le-club-de-p/par%20pays-debiteurs/papouasie-nouvelle-guinee.html,https://clubdeparis.org/en/sites/clubdeparis/accueil/accords-signes-avec-le-club-de-p/par%20pays-debiteurs/papouasie-nouvelle-guinee.html
POL,debtor,https://clubdeparis.org/sites/clubdeparis/accueil/accords-signes-avec-le-club-de-p/par%20pays-debiteurs/pologne.html,https://clubdeparis.org/en/sites/clubdeparis/accueil/accords-signes-avec-le-club-de-p/par%20pays-debiteurs/pologne.html
PRT,creditor,https://clubdeparis.org/sites/clubdeparis/accueil/accords-signes-avec-le-club-de-p/par-pays-crediteurs/portugal.html,https://clubdeparis.org/en/sites/clubdeparis/accueil/accords-signes-avec-le-club-de-p/par-pays-crediteurs/portugal.html
ROU,debtor,https://clubdeparis.org/sites/clubdeparis/accueil/accords-signes-avec-le-club-de-p/par%20pays-debiteurs/roumanie.html,https://clubdeparis.org/en/sites/clubdeparis/accueil/accords-signes-avec-le-club-de-p/par%20pays-debiteurs/roumanie.html
RUS,creditor,https://clubdeparis.org/sites/clubdeparis/accueil/accords-signes-avec-le-club-de-p/par-pays-crediteurs/federation-de-russie.html,https://clubdeparis.org/en/sites/clubdeparis/accueil/accords-signes-avec-le-club-de-p/par-pays-crediteurs/federation-de-russie.html
RUS,debtor,https://clubdeparis.org/sites/clubdeparis/accueil/accords-signes-avec-le-club-de-p/par%20pays-debiteurs/federation-de-russie.html,https://clubdeparis.org/en/sites/clubdeparis/accueil/accords-signes-avec-le-club-de-p/par%20pays-debiteurs/federation-de-russie.html
SAU,creditor,https://clubdeparis.org/sites/clubdeparis/accueil/accords-signes-avec-le-club-de-p/par-pays-crediteurs/arabie-saoudite.html,https://clubdeparis.org/en/sites/clubdeparis/accueil/accords-signes-avec-le-club-de-p/par-pays-crediteurs/arabie-saoudite.html
SDN,debtor,https://clubdeparis.org/sites/clubdeparis/accueil/accords-signes-avec-le-club-de-p/par%20pays-debiteurs/soudan.html,https://clubdeparis.org/en/sites/clubdeparis/accueil/accords-signes-avec-le-club-de-p/par%20pays-debiteurs/soudan.html
SEN,debtor,https://clubdeparis.org/sites/clubdeparis/accueil/accords-signes-avec-le-club-de-p/par%20pays-debiteurs/senegal.html,https://clubdeparis.org/en/sites/clubdeparis/accueil/accords-signes-avec-le-club-de-p/par%20pays-debiteurs/senegal.html
SLE,debtor,https://clubdeparis.org/sites/clubdeparis/accueil/accords-signes-avec-le-club-de-p/par%20pays-debiteurs/sierra-leone.html,https://clubdeparis.org/en/sites/clubdeparis/accueil/accords-signes-avec-le-club-de-p/par%20pays-debiteurs/sierra-leone.html
SLV,debtor,https://clubdeparis.org/sites/clubdeparis/accueil/accords-signes-avec-le-club-de-p/par%20pays-debiteurs/el-salvador.html,https://clubdeparis.org/en/sites/clubdeparis/accueil/accords-signes-avec-le-club-de-p/par%20pays-debiteurs/el-salvador.html
SOM,debtor,https://clubdeparis.org/sites/clubdeparis/accueil/accords-signes-avec-le-club-de-p/par%20pays-debiteurs/somalie.html,https://clubdeparis.org/en/sites/clubdeparis/accueil/accords-signes-avec-le-club-de-p/par%20pays-debiteurs/somalie.html
SRB,debtor,https://clubdeparis.org/sites/clubdeparis/accueil/accords-signes-avec-le-club-de-p/par%20pays-debiteurs/serbie.html,https://clubdeparis.org/en/sites/clubdeparis/accueil/accords-signes-avec-le-club-de-p/par%20pays-debiteurs/serbie.html
STP,debtor,https://clubdeparis.org/sites/clubdeparis/accueil/accords-signes-avec-le-club-de-p/par%20pays-debiteurs/sao-tome-et-principe.html,https://clubdeparis.org/en/sites/clubdeparis/accueil/accords-signes-avec-le-club-de-p/par%20pays-debiteurs/sao-tome-et-principe.html
SUR,debtor,https://clubdeparis.org/sites/clubdeparis/accueil/accords-signes-avec-le-club-de-p/par%20pays-debiteurs/suriname.html,https://clubdeparis.org/en/sites/clubdeparis/accueil/accords-signes-avec-le-club-de-p/par%20pays-debiteurs/suriname.html
SWE,creditor,https://clubdeparis.org/sites/clubdeparis/accueil/accords-signes-avec-le-club-de-p/par-pays-crediteurs/suede.html,https://clubdeparis.org/en/sites/clubdeparis/accueil/accords-signes-avec-le-club-de-p/par-pays-crediteurs/suede.html
SYC,debtor,https://clubdeparis.org/sites/clubdeparis/accueil/accords-signes-avec-le-club-de-p/par%20pays-debiteurs/seychelles.html,https://clubdeparis.org/en/sites/clubdeparis/accueil/accords-signes-avec-le-club-de-p/par%20pays-debiteurs/seychelles.html
TCD,debtor,https://clubdeparis.org/sites/clubdeparis/accueil/accords-signes-avec-le-club-de-p/par%20pays-debiteurs/tchad.html,https://clubdeparis.org/en/sites/clubdeparis/accueil/accords-signes-avec-le-club-de-p/par%20pays-debiteurs/tchad.html
TGO,debtor,https://clubdeparis.org/sites/clubdeparis/accueil/accords-signes-avec-le-club-de-p/par%20pays-debiteurs/togo.html,https://clubdeparis.org/en/sites/clubdeparis/accueil/accords-signes-avec-le-club-de-p/par%20pays-debiteurs/togo.html
TJK,debtor,https://clubdeparis.org/sites/clubdeparis/accueil/accords-signes-avec-le-club-de-p/par%20pays-debiteurs/tadjikistan.html,https://clubdeparis.org/en/sites/clubdeparis/accueil/accords-signes-avec-le-club-de-p/par%20pays-debiteurs/tadjikistan.html
TTO,creditor,https://clubdeparis.org/sites/clubdeparis/accueil/accords-signes-avec-le-club-de-p/par-pays-crediteurs/trinite-tobaggo.html,https://clubdeparis.org/en/sites/clubdeparis/accueil/accords-signes-avec-le-club-de-p/par-pays-crediteurs/trinite-tobaggo.html
TTO,debtor,https://clubdeparis.org/sites/clubdeparis/accueil/accords-signes-avec-le-club-de-p/par%20pays-debiteurs/trinite-et-tobago.html,https://clubdeparis.org/en/sites/clubdeparis/accueil/accords-signes-avec-le-club-de-p/par%20pays-debiteurs/trinite-et-tobago.html
TUR,debtor,https://clubdeparis.org/sites/clubdeparis/accueil/accords-signes-avec-le-club-de-p/par%20pays-debiteurs/turquie.html,https://clubdeparis.org/en/sites/clubdeparis/accueil/accords-signes-avec-le-club-de-p/par%20pays-debiteurs/turquie.html
TZA,debtor,https://clubdeparis.org/sites/clubdeparis/accueil/accords-signes-avec-le-club-de-p/par%20pays-debiteurs/tanzanie.html,https://clubdeparis.org/en/sites/clubdeparis/accueil/accords-signes-avec-le-club-de-p/par%20pays-debiteurs/tanzanie.html
UKR,debtor,https://clubdeparis.org/sites/clubdeparis/accueil/accords-signes-avec-le-club-de-p/par%20pays-debiteurs/ukraine.html,https://clubdeparis.org/en/sites/clubdeparis/accueil/accords-signes-avec-le-club-de-p/par%20pays-debiteurs/ukraine.html
USA,creditor,https://clubdeparis.org/sites/clubdeparis/accueil/accords-signes-avec-le-club-de-p/par-pays-crediteurs/etats-unis-d-amerique.html,https://clubdeparis.org/en/sites/clubdeparis/accueil/accords-signes-avec-le-club-de-p/par-pays-crediteurs/etats-unis-d-amerique.html
VCT,debtor,https://clubdeparis.org/sites/clubdeparis/accueil/accords-signes-avec-le-club-de-p/par%20pays-debiteurs/st-vincent.html,https://clubdeparis.org/en/sites/clubdeparis/accueil/accords-signes-avec-le-club-de-p/par%20pays-debiteurs/st-vincent.html
VNM,debtor,https://clubdeparis.org/sites/clubdeparis/accueil/accords-signes-avec-le-club-de-p/par%20pays-debiteurs/vietnam.html,https://clubdeparis.org/en/sites/clubdeparis/accueil/accords-signes-avec-le-club-de-p/par%20pays-debiteurs/vietnam.html
WSM,debtor,https://clubdeparis.org/sites/clubdeparis/accueil/accords-signes-avec-le-club-de-p/par%20pays-debiteurs/samoa.html,https://clubdeparis.org/en/sites/clubdeparis/accueil/accords-signes-avec-le-club-de-p/par%20pays-debiteurs/samoa.html
YEM,debtor,https://clubdeparis.org/sites/clubdeparis/accueil/accords-signes-avec-le-club-de-p/par%20pays-debiteurs/yemen.html,https://clubdeparis.org/en/sites/clubdeparis/accueil/accords-signes-avec-le-club-de-p/par%20pays-debiteurs/yemen.html
ZAF,creditor,https://clubdeparis.org/sites/clubdeparis/accueil/accords-signes-avec-le-club-de-p/par-pays-crediteurs/afrique-du-sud.html,https://clubdeparis.org/en/sites/clubdeparis/accueil/accords-signes-avec-le-club-de-p/par-pays-crediteurs/afrique-du-sud.html
ZMB,debtor,https://clubdeparis.org/sites/clubdeparis/accueil/accords-signes-avec-le-club-de-p/par%20pays-debiteurs/zambie.html,https://clubdeparis.org/en/sites/clubdeparis/accueil/accords-signes-avec-le-club-de-p/par%20pays-debiteurs/zambie.html
RWA,debtor,https://clubdeparis.org/sites/clubdeparis/accueil/accords-signes-avec-le-club-de-p/par%20pays-debiteurs/rwanda.html,https://clubdeparis.org/en/sites/clubdeparis/accueil/accords-signes-avec-le-club-de-p/par%20pays-debiteurs/rwanda.html
UGA,debtor,https://clubdeparis.org/sites/clubdeparis/accueil/accords-signes-avec-le-club-de-p/par%20pays-debiteurs/ouganda.html,https://clubdeparis.org/en/sites/clubdeparis/accueil/accords-signes-avec-le-club-de-p/par%20pays-debiteurs/ouganda.html
